{"cameraMode":{"drawMode":0,"name":"Shaded","section":"Shading Mode"},"sceneLighting":true,"audioPlay":false,"sceneViewState":{"m_AlwaysRefresh":false,"showFog":true,"showSkybox":true,"showFlares":true,"showImageEffects":true,"showParticleSystems":true,"showVisualEffectGraphs":true,"m_FxEnabled":true},"in2DMode":false,"pivot":{"x":30.38302230834961,"y":-0.026000022888183595,"z":-19.319759368896486},"rotation":{"x":0.00522558344528079,"y":0.9914475083351135,"z":-0.12347099184989929,"w":0.04195963591337204},"size":0.8660253882408142,"orthographic":false}